Id,Pawpularity
4128bae22183829d2b5fea10effdb0c3,36.74881362915039
43a2262d7738e3d420d453815151079e,35.85354232788086
4e429cead1848a298432a0acad014c9d,35.617774963378906
80bc3ccafcc51b66303c2c263aa38486,37.3306770324707
8f49844c382931444e68dffbe20228f4,36.286415100097656
b03f7041962238a7c9d6537e22f9b017,41.933441162109375
c978013571258ed6d4637f6e8cc9d6a3,32.49184799194336
e0de453c1bffc20c22b072b34b54e50f,34.81709289550781
